<?xml version="1.0" encoding="UTF-8"?>
<classpath>
  <classpathentry kind="src" path="src/test/java" output="target/test-classes" including="**/*.java"/>
  <classpathentry kind="src" path="src/test/resources" output="target/test-classes" excluding="**/*.java"/>
  <classpathentry kind="src" path="src/main/java" including="**/*.java"/>
  <classpathentry kind="src" path="src/main/resources" excluding="**/*.java"/>
  <classpathentry kind="output" path="target/classes"/>
  <classpathentry kind="con" path="org.eclipse.jdt.launching.JRE_CONTAINER"/>
  <classpathentry kind="var" path="M2_REPO/org/seleniumhq/selenium/selenium-java/2.21.0/selenium-java-2.21.0.jar"/>
  <classpathentry kind="var" path="M2_REPO/org/seleniumhq/selenium/selenium-android-driver/2.21.0/selenium-android-driver-2.21.0.jar"/>
  <classpathentry kind="var" path="M2_REPO/org/seleniumhq/selenium/selenium-remote-driver/2.21.0/selenium-remote-driver-2.21.0.jar"/>
  <classpathentry kind="var" path="M2_REPO/cglib/cglib-nodep/2.1_3/cglib-nodep-2.1_3.jar"/>
  <classpathentry kind="var" path="M2_REPO/org/json/json/20080701/json-20080701.jar"/>
  <classpathentry kind="var" path="M2_REPO/org/seleniumhq/selenium/selenium-api/2.21.0/selenium-api-2.21.0.jar"/>
  <classpathentry kind="var" path="M2_REPO/com/google/guava/guava/11.0.1/guava-11.0.1.jar"/>
  <classpathentry kind="var" path="M2_REPO/com/google/code/findbugs/jsr305/1.3.9/jsr305-1.3.9.jar"/>
  <classpathentry kind="var" path="M2_REPO/org/apache/httpcomponents/httpclient/4.1.2/httpclient-4.1.2.jar"/>
  <classpathentry kind="var" path="M2_REPO/org/apache/httpcomponents/httpcore/4.1.2/httpcore-4.1.2.jar"/>
  <classpathentry kind="var" path="M2_REPO/commons-logging/commons-logging/1.1/commons-logging-1.1.jar"/>
  <classpathentry kind="var" path="M2_REPO/commons-codec/commons-codec/1.6/commons-codec-1.6.jar"/>
  <classpathentry kind="var" path="M2_REPO/org/apache/commons/commons-exec/1.1/commons-exec-1.1.jar"/>
  <classpathentry kind="var" path="M2_REPO/net/java/dev/jna/jna/3.4.0/jna-3.4.0.jar"/>
  <classpathentry kind="var" path="M2_REPO/net/java/dev/jna/platform/3.4.0/platform-3.4.0.jar"/>
  <classpathentry kind="var" path="M2_REPO/org/seleniumhq/selenium/selenium-chrome-driver/2.21.0/selenium-chrome-driver-2.21.0.jar"/>
  <classpathentry kind="var" path="M2_REPO/org/seleniumhq/selenium/selenium-htmlunit-driver/2.21.0/selenium-htmlunit-driver-2.21.0.jar"/>
  <classpathentry kind="var" path="M2_REPO/net/sourceforge/htmlunit/htmlunit/2.9/htmlunit-2.9.jar"/>
  <classpathentry kind="var" path="M2_REPO/xalan/xalan/2.7.1/xalan-2.7.1.jar"/>
  <classpathentry kind="var" path="M2_REPO/xalan/serializer/2.7.1/serializer-2.7.1.jar"/>
  <classpathentry kind="var" path="M2_REPO/xml-apis/xml-apis/1.3.04/xml-apis-1.3.04.jar"/>
  <classpathentry kind="var" path="M2_REPO/commons-collections/commons-collections/3.2.1/commons-collections-3.2.1.jar"/>
  <classpathentry kind="var" path="M2_REPO/commons-lang/commons-lang/2.6/commons-lang-2.6.jar"/>
  <classpathentry kind="var" path="M2_REPO/org/apache/httpcomponents/httpmime/4.1.2/httpmime-4.1.2.jar"/>
  <classpathentry kind="var" path="M2_REPO/net/sourceforge/htmlunit/htmlunit-core-js/2.9/htmlunit-core-js-2.9.jar"/>
  <classpathentry kind="var" path="M2_REPO/xerces/xercesImpl/2.9.1/xercesImpl-2.9.1.jar"/>
  <classpathentry kind="var" path="M2_REPO/net/sourceforge/nekohtml/nekohtml/1.9.15/nekohtml-1.9.15.jar"/>
  <classpathentry kind="var" path="M2_REPO/net/sourceforge/cssparser/cssparser/0.9.5/cssparser-0.9.5.jar"/>
  <classpathentry kind="var" path="M2_REPO/org/w3c/css/sac/1.3/sac-1.3.jar"/>
  <classpathentry kind="var" path="M2_REPO/commons-io/commons-io/2.0.1/commons-io-2.0.1.jar"/>
  <classpathentry kind="var" path="M2_REPO/org/seleniumhq/selenium/selenium-firefox-driver/2.21.0/selenium-firefox-driver-2.21.0.jar"/>
  <classpathentry kind="var" path="M2_REPO/org/seleniumhq/selenium/selenium-ie-driver/2.21.0/selenium-ie-driver-2.21.0.jar"/>
  <classpathentry kind="var" path="M2_REPO/org/seleniumhq/selenium/selenium-iphone-driver/2.21.0/selenium-iphone-driver-2.21.0.jar"/>
  <classpathentry kind="var" path="M2_REPO/org/seleniumhq/selenium/selenium-safari-driver/2.21.0/selenium-safari-driver-2.21.0.jar"/>
  <classpathentry kind="var" path="M2_REPO/org/webbitserver/webbit/0.4.6/webbit-0.4.6.jar"/>
  <classpathentry kind="var" path="M2_REPO/org/jboss/netty/netty/3.2.7.Final/netty-3.2.7.Final.jar"/>
  <classpathentry kind="var" path="M2_REPO/org/seleniumhq/selenium/selenium-support/2.21.0/selenium-support-2.21.0.jar"/>
  <classpathentry kind="var" path="M2_REPO/org/seleniumhq/selenium/selenium-server/2.21.0/selenium-server-2.21.0.jar"/>
  <classpathentry kind="var" path="M2_REPO/org/bouncycastle/bcprov-jdk15on/1.47/bcprov-jdk15on-1.47.jar"/>
  <classpathentry kind="var" path="M2_REPO/mx4j/mx4j-tools/3.0.1/mx4j-tools-3.0.1.jar"/>
  <classpathentry kind="var" path="M2_REPO/org/mortbay/jetty/servlet-api-2.5/6.1.9/servlet-api-2.5-6.1.9.jar"/>
  <classpathentry kind="var" path="M2_REPO/org/seleniumhq/selenium/jetty-repacked/7.6.1/jetty-repacked-7.6.1.jar"/>
  <classpathentry kind="var" path="M2_REPO/net/jcip/jcip-annotations/1.0/jcip-annotations-1.0.jar"/>
  <classpathentry kind="var" path="M2_REPO/org/yaml/snakeyaml/1.8/snakeyaml-1.8.jar"/>
  <classpathentry kind="var" path="M2_REPO/org/slf4j/slf4j-log4j12/1.6.4/slf4j-log4j12-1.6.4.jar"/>
  <classpathentry kind="var" path="M2_REPO/org/slf4j/slf4j-api/1.6.4/slf4j-api-1.6.4.jar"/>
  <classpathentry kind="var" path="M2_REPO/log4j/log4j/1.2.16/log4j-1.2.16.jar"/>
  <classpathentry kind="var" path="M2_REPO/org/apache/poi/poi/3.1-FINAL/poi-3.1-FINAL.jar"/>
  <classpathentry kind="var" path="M2_REPO/org/supercsv/SuperCSV/1.52/SuperCSV-1.52.jar"/>
  <classpathentry kind="var" path="M2_REPO/spiffy/core/spiffy/0.05/spiffy-0.05.jar"/>
  <classpathentry kind="var" path="M2_REPO/org/testng/testng/5.7/testng-5.7-jdk15.jar"/>
  <classpathentry kind="var" path="M2_REPO/junit/junit/3.8.1/junit-3.8.1.jar"/>
  <classpathentry kind="var" path="M2_REPO/org/uncommons/reportng/1.1.2/reportng-1.1.2.jar"/>
  <classpathentry kind="var" path="M2_REPO/velocity/velocity/1.4/velocity-1.4.jar"/>
  <classpathentry kind="var" path="M2_REPO/velocity/velocity-dep/1.4/velocity-dep-1.4.jar"/>
</classpath>